Abdoul Bagui Alh Boubakari;U051G7DBM51
Achraf Saadouni;U05QR279DEH
Adeline Talandier;U04CQ07TPN3
Adrien Pinto;U0DBMJA30
Ahmed Haddaoui;U0327DMRKS4
Alex VALLA;U04UQKMEYG2
Alexis Vannier;U04ME06VCBF
Alvin SODJI;U06D7CLAURF
Anais Sisserian;U04RTPMVASW
Andréa Lutrat;U05UE8FSY2Y
Anne Repussard;U047P6VBHE1
Antoine Fleury;U05PDBT35KR
antonynonis;UJC8V4W80
Armand Pomel;U08A2EBRMGQ
Arnaud Desrousseaux;U05FTCKKH1D
Astou THIAM;U056H3D3T24
Aubéry Chauvin;U017RB5QEEM
Audrey Meyronne;U6YMJUEEP
Audrey Seurin;U04P4RQSQ12
Axel Fourniaud;U019BHJAE21
Axel Mathieu-Le Gall;U05FT8ACEJK
Axel Morvan;U01DV8JAP6V
Barthélémy GOUBY;U05FMRAJ84R
Ben Doumbia;U0712DMHBD1
Benoit Morin;U02Q9L6F4CW
Benoit Piette;U06DFR85LAK
Birame Sow;U04MU8M1U0M
Bo Jiang;U036KN186PJ
Camille Rollin;U01HWUH8SF3
Charles LEFORT;U04TY9Q3M4M
Charline DESILE;U05RB8THGB1
charlottelegras;U01N4B8E560
Clément Horowitz;U03E6TW98G6
Corentin Lefort;UG3JV303X
Daba Diop;U031B1KQ3F0
Daniel Hyvernat;U05JDQ1DQR0
diegocolin;U0357ECTW64
Djibril Gassama;U02E753M7T5
Edouard Berre;UGVSWHECE
Elena moiseeva;U03HG4EV56F
Elhadji Ousseynou SAMBE;U06GZNJSV1C
Elias Salam;U04QC9F4942
Elodia GOME;U050KP0AH5G
evapernice;U053HC3NEJF
Fady-san;U056UPH7TH9
Fatima Zahraa BOUZIDI;U06CV4N7XNW
Florent Coué;U051GBBHTH8
Florian Bessou;U05BYCU2V4M
Florine Cailly;U04N7QBH03S
francoisgraffin;U01G3E9603Z
Gaëtan Dubar;U03AE19L2AZ
Gladys Tchiani Nonkam;U03CNRETCRK
Guillaume CHAPOTOT;U04UHU4JPAS
Guillaume Bac;URYF8B1DX
Hadrien BASSERY;U045DBQR6DV
Henri PETERS;U06CUGDLSE6
Hussein Wehbe;U04PDSGFR9A
Héloïse DESNEUX;U05SJQ4LQ4W
Jacques Chartier-Kastler;U04HGPN25EG
Jean Batista;U068CSK5VDK
Jean-Baptiste Paquien ;U02H0U66Z7A
Jean-Frédéric Navarre;U07UMERT18V
Johan Raud;U06A0QUAYTW
Johann Dupoy;U05MUFUH08P
Josselyn DUFAUT;U06LL11LUN6
Julia Toitot;U03HUPK9RMF
Julienzimmermann;U03GPF3U8U8
Kamel Benkhouda;U05DUGQSSP2
Karine Zhou;U063XQ1NTEF
Kyra Danielczok;U02G8957RDK
Kévin Hervé;U04QXDE2KS6
Lionnel ALGIVE;U064C107DBP
Lisa Pincemin;U03SH9W634Y
Léa Rodier-Odie;U03DS5MLQ12
lenibekhechi;U02G4GMDL6A
Mame-Diarra Toure;U043A2EMJL9
Manel Tiab;U07QM0VV4LD
Mathieu Giraud;U066XMARHA6
Mathis Jean;U06EXBEUK1N
Matthias De Jesus;U05F9310E7M
Matthieu Nowak;U078G4N5VSQ
Matthieu Rousseau;U02LV8F8J80
maximeperthu;U0G5HK1CG
Maylinh Grand;USCEUDDPY
Mounia MERNO;U08DQ44SAMA
Mélanie Rodrigues;U02GD8R3KNY
Mélissabonhomme;U058RMD0UGM
Nathan Roi;U02V342M78W
Nathan Sogut;U03QA1FAD1A
Nicolas Courbin;U04RT1TQXFV
Nicolas Di Giuseppe;UG93KAH7B
Nicolas Huber;U05D72075MH
Nihel BOUMELIK;U05CHLU95F0
Nina Roig;U06U3LU07N2
Ossama Riad;U034B2FU0VC
Oumayma Nefzi;U019SAQFZBR
Paol Geffroy;U063V0NRKT7
Patrice;U04TLG6N99V
Paul Deslandres;U038WJC4GTD
Paul Najafi;U0D9STXSP
Pierre de Broca;U05N8P5PFPH
Quentin Jeanjean;U02DE65M90V
R Ghigaglia;U06PKFC0ZJ6
Raphaël WILTZIUS PERIAGO;U06APKAQHUH
Rayhane EL HACHMI;U072Q3C0U3Z
Robin Shellard;U06EYA2PE1Y
Rosalie Delannoy;U063XTPL7LJ
Roy Sahakyan;U08CX4LTH17
Rémy GHIDAGLIA;U06PTH01L0N
Sami SHEIKH;U05GWFTEW79
Simon Hallay;U05LD6361HN
Sofiane BOULAHRISS;U05RHLLB316
Solène Maliska;U06CUD43BEF
Sophie Vergnères;ULVKYAB5X
Sébastien GARCIA;U05D2SVLCL9
Sébastien Pillay;U06T5FY3RUM
Sévak Hovakimian;U042XCKN4JE
Théophile Mehdi--Dervillé;U06LNEL8AJ0
Théotime Leonard;U03SHAQ7T0Q
tomguillermou;U01GWR63EM7
Tommy Goc;U03BL3T42LU
Ugo Tibet-Zanini;U04N6LFBSGY
Vianney Raskin;U0DBUEWP8
Victoire Stahl;U05FYQ4KF3J
Vincent Lévêque;U05C0TZG30B
Xavier Guilloton;U01LWTUTZ6Z